{
  "raw": {
    "recall": 0.997606223818073,
    "precision": 1.0,
    "f1": 0.9988016776512882,
    "fpr": 0.0,
    "tnr": 1.0,
    "accuracy": 0.9976232917409388,
    "auc_roc": 1.0,
    "ap": 1.0
  },
  "smooth": {
    "recall": 0.995212447636146,
    "precision": 0.9964050329538646,
    "f1": 0.9958083832335329,
    "fpr": 0.5,
    "tnr": 0.5,
    "accuracy": 0.9916815210932858,
    "auc_roc": 0.995212447636146,
    "ap": 0.9999657480482532
  }
}