{
  "recall": 1.0,
  "precision": 0.9940476190476191,
  "f1": 0.9970149253731343,
  "fpr": 1.0,
  "tnr": 0.0,
  "accuracy": 0.9940476190476191,
  "auc_roc": 0.9281437125748503,
  "ap": 0.9995572018878552,
  "loss": 0.05785805004693213
}